ORIGEN,VARIABLE,ENE,FEB,MAR,ABR,MAY,JUN,JUL,AGO,SEP,OCT,NOV,DIC
LA QUIACA OBS.,TEMP.MAX,20.1,19.9,19.9,19.7,17.3,15.6,15.4,17.4,19.2,21.1,21.7,21.3
LA QUIACA OBS.,TEMP.MIN,7.4,7.0,6.3,2.8,-3.0,-6.2,-6.8,-4.2,-1.1,2.8,5.2,6.9
LA QUIACA OBS.,PRECIPITACIONES,97.5,68.4,55.9,8.2,1.0,0.5,0.0,1.4,3.5,16.0,27.3,71.9
ORÁN AERO,TEMP.MAX,32.3,31.1,29.4,26.0,23.2,21.2,22.0,25.6,28.3,31.5,32.0,32.6
ORÁN AERO,TEMP.MIN,21.5,20.8,20.5,17.8,14.2,11.0,9.2,11.0,13.5,17.9,19.5,21.2
ORÁN AERO,PRECIPITACIONES,216.6,183.7,184.2,70.9,19.8,6.3,4.5,5.4,16.3,60.0,108.1,170.1
TARTAGAL AERO,TEMP.MAX,31.7,30.7,29.1,25.5,22.7,21.0,22.1,25.5,28.2,31.4,31.7,32.0
TARTAGAL AERO,TEMP.MIN,20.6,20.0,19.6,17.0,13.2,10.7,9.1,10.6,13.2,17.5,18.8,20.3
TARTAGAL AERO,PRECIPITACIONES,200.2,182.8,187.7,65.3,22.0,6.7,3.6,5.1,15.1,45.0,110.0,176.4
JUJUY AERO,TEMP.MAX,30.0,28.8,27.2,24.0,21.3,19.7,20.3,23.3,25.7,29.0,29.9,30.5
JUJUY AERO,TEMP.MIN,18.3,17.5,17.1,14.0,10.0,6.8,5.8,8.2,10.6,14.8,16.7,18.0
JUJUY AERO,PRECIPITACIONES,153.2,152.9,138.9,49.4,11.6,2.8,3.4,3.1,5.4,28.1,61.1,130.4
SALTA AERO,TEMP.MAX,27.4,26.4,25.2,22.7,20.3,19.6,20.0,22.3,23.9,26.8,27.5,28.0
SALTA AERO,TEMP.MIN,16.6,15.7,15.3,11.9,7.6,4.1,2.9,4.9,7.3,11.8,14.1,15.9
SALTA AERO,PRECIPITACIONES,192.6,154.2,110.6,33.0,8.0,1.5,3.9,3.8,7.6,25.1,62.2,145.6
LAS LOMITAS,TEMP.MAX,35.1,33.8,32.8,28.8,25.4,23.4,24.1,27.1,29.1,32.2,33.2,34.4
LAS LOMITAS,TEMP.MIN,21.7,21.1,20.3,17.5,13.7,11.8,10.4,12.2,14.2,17.8,19.3,20.9
LAS LOMITAS,PRECIPITACIONES,142.4,116.7,160.4,84.6,57.5,18.6,13.1,16.1,30.4,72.5,119.0,132.6
IGUAZÚ AERO,TEMP.MAX,31.8,31.2,30.7,27.5,23.5,21.7,22.2,24.7,25.8,28.3,30.1,31.4
IGUAZÚ AERO,TEMP.MIN,20.5,20.2,19.3,16.8,13.1,11.7,10.8,12.2,13.7,16.5,17.8,19.5
IGUAZÚ AERO,PRECIPITACIONES,177.7,154.7,126.5,169.1,192.7,148.3,115.8,94.2,160.3,237.0,186.3,186.9
TUCUMÁN AERO,TEMP.MAX,31.0,29.7,27.9,24.6,21.2,18.6,19.3,22.8,25.4,28.9,29.9,30.8
TUCUMÁN AERO,TEMP.MIN,20.1,19.3,18.5,15.1,11.4,8.2,6.8,8.5,11.0,15.2,17.5,19.3
TUCUMÁN AERO,PRECIPITACIONES,230.6,172.3,151.1,62.5,25.9,13.1,7.4,8.5,16.1,65.1,103.0,175.9
SANTIAGO DEL ESTERO AERO,TEMP.MAX,33.9,32.5,30.4,26.3,23.1,20.1,20.9,24.4,26.9,30.7,32.2,33.7
SANTIAGO DEL ESTERO AERO,TEMP.MIN,20.5,19.7,18.5,14.6,10.4,6.8,5.0,7.3,10.3,15.3,17.8,20.0
SANTIAGO DEL ESTERO AERO,PRECIPITACIONES,134.8,100.6,91.1,35.9,17.2,6.6,3.0,2.0,12.3,44.7,66.7,114.2
RESISTENCIA AERO,TEMP.MAX,33.3,32.1,30.7,26.9,23.6,21.3,21.4,23.7,25.3,28.1,29.8,32.1
RESISTENCIA AERO,TEMP.MIN,20.9,20.5,19.5,16.5,12.6,10.8,9.5,10.8,12.4,15.9,17.7,19.7
RESISTENCIA AERO,PRECIPITACIONES,161.1,165.6,174.4,202.3,78.4,63.8,30.6,38.0,68.9,134.7,168.2,146.9
FORMOSA AERO,TEMP.MAX,33.8,32.8,31.9,28.1,24.4,22.4,22.3,24.8,26.3,29.0,30.7,32.8
FORMOSA AERO,TEMP.MIN,22.3,21.9,20.9,18.2,14.6,12.9,11.7,13.0,14.5,17.9,19.4,21.3
FORMOSA AERO,PRECIPITACIONES,165.7,128.7,144.8,175.0,99.3,68.9,47.5,44.2,90.8,142.0,166.5,163.4
CORRIENTES AERO,TEMP.MAX,33.2,31.9,30.6,26.8,23.4,21.0,21.1,23.4,24.9,27.9,29.5,31.9
CORRIENTES AERO,TEMP.MIN,21.3,20.8,19.7,16.9,13.4,11.6,10.4,11.5,13.1,16.3,17.9,20.1
CORRIENTES AERO,PRECIPITACIONES,167.3,161.9,175.1,206.6,91.9,70.5,37.5,47.2,75.7,150.7,184.3,157.7
POSADAS AERO,TEMP.MAX,33.0,32.1,31.2,27.6,23.9,21.9,21.9,24.2,25.1,28.3,30.3,32.4
POSADAS AERO,TEMP.MIN,21.8,21.3,20.2,17.4,14.0,12.3,11.6,13.1,14.3,17.1,18.6,20.7
POSADAS AERO,PRECIPITACIONES,167.2,154.9,144.1,193.8,138.2,139.8,103.3,93.9,145.1,226.0,181.0,179.9
TINOGASTA,TEMP.MAX,33.5,32.4,30.9,26.9,22.6,19.9,19.8,23.1,25.7,30.2,32.5,33.9
TINOGASTA,TEMP.MIN,18.7,17.3,16.0,10.1,4.5,0.8,0.2,2.5,5.9,11.2,15.1,17.9
TINOGASTA,PRECIPITACIONES,,,,,,,,,,,,
LA RIOJA AERO,TEMP.MAX,34.7,33.0,30.7,26.7,22.6,19.4,19.5,23.0,26.2,30.9,33.5,35.1
LA RIOJA AERO,TEMP.MIN,21.1,19.9,18.7,14.5,9.7,5.6,4.4,7.2,10.9,16.0,18.7,20.9
LA RIOJA AERO,PRECIPITACIONES,96.3,73.6,65.0,29.3,9.0,2.9,3.8,4.2,9.4,17.6,35.9,65.0
CATAMARCA AERO,TEMP.MAX,34.1,32.8,31.2,27.5,23.5,20.0,20.2,23.9,26.8,30.9,32.7,34.3
CATAMARCA AERO,TEMP.MIN,21.5,20.4,19.1,14.7,9.8,5.3,4.4,7.7,11.8,16.8,19.3,21.2
CATAMARCA AERO,PRECIPITACIONES,83.8,69.2,52.4,27.0,12.6,4.7,8.1,3.2,7.3,25.9,50.2,68.0
VILLA MARÍA DEL RÍO SECO,TEMP.MAX,31.4,29.8,28.1,24.3,21.3,18.7,18.7,21.6,23.6,27.1,29.1,30.9
VILLA MARÍA DEL RÍO SECO,TEMP.MIN,,,,,,,,,,,,
VILLA MARÍA DEL RÍO SECO,PRECIPITACIONES,130.6,119.7,134.5,70.4,21.3,8.4,12.5,6.7,27.1,62.6,89.0,130.2
CERES AERO,TEMP.MAX,32.1,30.9,29.3,25.0,21.9,18.8,18.8,21.7,23.7,27.0,29.0,31.0
CERES AERO,TEMP.MIN,19.2,18.5,17.3,14.0,10.3,7.5,6.2,7.6,9.5,13.4,15.8,17.9
CERES AERO,PRECIPITACIONES,132.0,122.4,153.5,95.4,35.4,18.7,15.6,13.0,36.4,83.8,103.2,143.7
RECONQUISTA AERO,TEMP.MAX,32.4,30.9,29.4,25.4,22.2,19.3,19.5,22.2,23.6,26.7,28.7,31.0
RECONQUISTA AERO,TEMP.MIN,20.8,20.2,19.0,15.7,12.2,9.8,8.7,10.0,11.6,15.1,17.3,19.5
RECONQUISTA AERO,PRECIPITACIONES,141.4,156.6,168.3,155.6,58.9,49.3,31.2,26.3,53.1,114.0,159.8,136.4
PASO DE LOS LIBRES AERO,TEMP.MAX,32.6,31.0,29.6,25.6,21.9,19.2,19.1,21.6,22.6,25.9,28.5,31.2
PASO DE LOS LIBRES AERO,TEMP.MIN,20.5,20.0,18.5,15.2,11.7,9.7,9.0,10.3,11.7,14.7,16.8,19.0
PASO DE LOS LIBRES AERO,PRECIPITACIONES,128.0,154.3,166.8,205.0,129.8,101.4,73.7,56.8,108.7,152.6,149.9,120.6
SAN JUAN AERO,TEMP.MAX,34.9,33.4,30.3,25.2,20.5,16.9,16.5,19.9,23.2,28.1,31.6,34.2
SAN JUAN AERO,TEMP.MIN,19.5,18.2,16.2,10.7,5.8,1.5,0.7,2.9,6.5,11.4,14.8,18.0
SAN JUAN AERO,PRECIPITACIONES,15.7,18.9,11.2,4.4,4.4,1.6,3.5,3.2,5.6,3.6,7.0,11.6
CHAMICAL AERO,TEMP.MAX,33.2,31.6,29.2,25.2,21.4,18.3,18.6,22.0,25.0,29.3,31.7,33.5
CHAMICAL AERO,TEMP.MIN,20.3,19.3,18.1,14.1,10.0,6.6,5.3,7.7,10.6,15.1,17.7,19.7
CHAMICAL AERO,PRECIPITACIONES,105.0,95.1,68.2,26.6,9.9,2.1,4.9,1.7,9.4,30.4,42.6,83.5
VILLA DOLORES AERO,TEMP.MAX,32.3,31.0,28.8,24.9,21.1,18.3,18.2,21.3,24.0,28.1,30.4,31.9
VILLA DOLORES AERO,TEMP.MIN,18.1,17.1,16.0,12.2,8.7,5.6,4.5,6.6,8.8,12.8,15.2,17.3
VILLA DOLORES AERO,PRECIPITACIONES,121.1,102.2,94.4,42.4,17.6,4.7,13.2,6.1,22.9,35.1,75.1,113.3
CÓRDOBA AERO,TEMP.MAX,29.4,28.3,26.9,23.6,20.5,18.0,17.6,20.3,22.3,25.6,27.5,29.0
CÓRDOBA AERO,TEMP.MIN,17.5,16.6,15.5,11.7,8.3,5.1,4.0,5.9,8.2,11.9,14.4,16.8
CÓRDOBA AERO,PRECIPITACIONES,141.0,115.9,126.9,66.3,21.3,4.8,13.5,9.7,35.2,71.9,118.3,156.9
CÓRDOBA OBSERVATORIO,TEMP.MAX,30.9,29.6,28.1,24.8,21.3,18.7,18.3,21.1,23.2,26.6,28.7,30.3
CÓRDOBA OBSERVATORIO,TEMP.MIN,18.5,17.5,16.4,12.8,9.4,6.3,5.5,7.3,9.5,13.3,15.6,17.9
CÓRDOBA OBSERVATORIO,PRECIPITACIONES,126.3,97.0,112.1,61.3,18.8,4.5,13.3,8.9,35.2,69.8,112.2,154.6
PILAR OBS.,TEMP.MAX,29.9,28.6,27.0,23.7,20.2,17.4,17.0,19.8,22.0,25.3,27.7,29.4
PILAR OBS.,TEMP.MIN,17.9,16.9,15.7,12.1,8.6,5.5,4.4,5.8,8.2,12.2,14.8,17.1
PILAR OBS.,PRECIPITACIONES,132.2,106.1,109.6,63.4,23.9,4.9,13.8,9.6,33.1,66.6,103.2,130.1
SAUCE VIEJO AERO,TEMP.MAX,31.8,30.1,28.5,24.3,21.0,17.6,17.3,19.9,21.9,25.4,27.9,30.2
SAUCE VIEJO AERO,TEMP.MIN,20.1,19.2,18.0,14.1,10.9,7.9,6.9,8.5,10.5,14.1,16.7,18.9
SAUCE VIEJO AERO,PRECIPITACIONES,95.4,112.0,146.4,116.2,49.4,31.5,23.9,28.4,53.2,110.5,128.9,124.9
PARANÁ AERO,TEMP.MAX,31.2,29.6,27.9,23.5,20.2,16.9,16.6,19.3,21.1,24.5,27.2,29.6
PARANÁ AERO,TEMP.MIN,19.3,18.5,17.1,13.6,10.6,8.0,7.1,8.4,9.9,13.1,15.6,17.8
PARANÁ AERO,PRECIPITACIONES,115.2,134.8,155.0,132.7,58.3,38.2,32.4,32.4,61.2,127.6,118.7,141.2
MONTE CASEROS AERO,TEMP.MAX,32.6,31.0,29.6,25.3,21.7,18.9,18.8,21.3,22.4,25.8,28.4,31.2
MONTE CASEROS AERO,TEMP.MIN,20.6,19.9,18.5,15.2,11.7,9.5,8.8,10.0,11.5,14.6,16.8,19.0
MONTE CASEROS AERO,PRECIPITACIONES,154.1,144.7,154.3,189.7,110.9,88.4,64.1,57.5,107.3,146.5,154.0,134.1
CONCORDIA AERO,TEMP.MAX,32.2,30.4,28.8,24.5,20.8,17.9,17.8,20.2,21.8,25.1,27.7,30.6
CONCORDIA AERO,TEMP.MIN,19.4,18.8,17.3,13.8,10.5,8.2,7.4,8.6,10.1,13.2,15.4,17.7
CONCORDIA AERO,PRECIPITACIONES,133.9,145.7,156.5,163.4,99.7,82.4,52.2,58.7,85.6,136.9,140.8,121.0
SAN MARTÍN (MZA),TEMP.MAX,32.4,31.1,28.1,23.5,19.1,15.7,15.4,18.6,21.5,26.0,29.2,31.7
SAN MARTÍN (MZA),TEMP.MIN,17.8,16.5,14.8,10.1,6.1,2.7,1.9,4.0,6.8,11.0,14.0,16.8
SAN MARTÍN (MZA),PRECIPITACIONES,45.0,36.3,43.0,15.8,9.2,3.7,6.8,6.4,12.4,12.7,20.1,28.4
MENDOZA AERO,TEMP.MAX,32.3,30.9,27.9,23.2,18.7,15.7,15.0,18.3,21.1,25.9,29.2,31.8
MENDOZA AERO,TEMP.MIN,18.7,17.4,15.5,10.4,6.2,2.9,2.1,4.2,7.2,11.7,15.1,17.9
MENDOZA AERO,PRECIPITACIONES,50.5,33.7,34.9,16.5,10.5,6.3,8.0,8.0,15.1,10.4,16.4,24.3
MENDOZA OBSERVATORIO,TEMP.MAX,30.4,29.1,26.5,22.0,17.9,15.0,14.5,17.3,19.9,24.2,27.3,29.8
MENDOZA OBSERVATORIO,TEMP.MIN,18.2,16.9,15.1,10.8,7.0,3.9,3.1,5.1,7.4,11.5,14.5,17.3
MENDOZA OBSERVATORIO,PRECIPITACIONES,40.0,43.0,38.7,19.6,12.9,8.7,10.9,10.4,18.8,13.7,20.7,28.0
SAN LUIS AERO,TEMP.MAX,31.1,30.0,27.3,23.3,19.7,17.0,16.6,19.3,21.8,25.8,28.4,30.5
SAN LUIS AERO,TEMP.MIN,17.9,17.0,15.3,11.3,7.7,4.5,3.7,5.9,8.5,12.5,15.0,17.1
SAN LUIS AERO,PRECIPITACIONES,119.5,97.5,98.9,41.4,19.8,5.7,11.2,8.6,24.3,40.5,80.4,110.1
VILLA REYNOLDS AERO,TEMP.MAX,30.8,30.0,27.7,23.9,20.3,17.4,16.9,19.7,22.0,25.2,27.8,30.0
VILLA REYNOLDS AERO,TEMP.MIN,15.2,14.3,12.7,8.3,4.4,1.0,-0.1,1.6,4.4,8.9,11.8,14.3
VILLA REYNOLDS AERO,PRECIPITACIONES,103.7,85.7,94.6,55.0,28.5,9.5,18.8,17.1,35.2,58.8,85.9,113.1
RÍO CUARTO AERO,TEMP.MAX,28.9,28.0,26.3,22.7,19.0,15.9,15.5,18.2,20.5,24.0,26.5,28.3
RÍO CUARTO AERO,TEMP.MIN,17.5,16.6,15.2,11.5,8.0,4.9,4.0,5.6,7.9,11.6,14.3,16.6
RÍO CUARTO AERO,PRECIPITACIONES,144.5,90.6,107.8,64.7,31.5,8.4,14.5,13.9,40.1,75.4,128.7,138.6
MARCOS JUÁREZ AERO,TEMP.MAX,30.8,29.1,27.7,24.0,20.4,17.0,16.7,19.6,21.7,25.3,28.1,29.9
MARCOS JUÁREZ AERO,TEMP.MIN,17.5,16.4,15.1,11.5,8.1,5.0,3.8,5.1,7.2,11.3,14.2,16.5
MARCOS JUÁREZ AERO,PRECIPITACIONES,114.3,115.0,108.1,96.3,36.8,15.8,17.0,21.2,43.1,94.6,101.1,148.3
ROSARIO AERO,TEMP.MAX,30.8,29.2,27.4,23.5,19.9,16.6,16.2,18.9,20.9,24.2,27.1,29.6
ROSARIO AERO,TEMP.MIN,18.4,17.5,16.0,12.1,8.7,6.0,4.8,6.2,8.3,12.0,14.7,17.2
ROSARIO AERO,PRECIPITACIONES,111.8,120.6,144.8,111.8,59.0,27.7,24.7,32.4,47.4,108.5,112.3,120.6
GUALEGUAYCHÚ AERO,TEMP.MAX,31.6,29.8,28.2,23.9,20.2,17.1,16.7,19.2,20.6,24.0,27.0,29.9
GUALEGUAYCHÚ AERO,TEMP.MIN,18.8,18.0,16.5,12.6,9.3,6.7,6.0,7.4,9.0,12.1,14.7,17.0
GUALEGUAYCHÚ AERO,PRECIPITACIONES,109.6,102.5,131.6,113.9,82.7,56.0,50.6,54.4,71.0,110.1,119.9,116.5
MALARGÜE AERO,TEMP.MAX,28.5,27.1,24.7,19.9,15.0,12.1,11.4,13.7,16.3,20.6,24.3,27.2
MALARGÜE AERO,TEMP.MIN,11.2,10.5,8.8,4.4,1.0,-1.1,-2.4,-1.2,0.9,4.4,7.2,10.1
MALARGÜE AERO,PRECIPITACIONES,25.0,26.4,33.5,22.9,26.9,38.7,34.1,30.1,23.9,19.6,22.3,29.6
SAN RAFAEL AERO,TEMP.MAX,31.1,30.0,27.0,22.5,18.5,15.8,15.2,17.6,19.8,24.2,27.5,30.2
SAN RAFAEL AERO,TEMP.MIN,15.4,14.5,12.8,8.4,4.8,2.0,0.9,2.4,4.7,8.3,11.2,14.0
SAN RAFAEL AERO,PRECIPITACIONES,61.0,42.8,37.2,26.1,15.6,9.1,13.2,16.0,27.4,30.5,38.6,45.3
GENERAL PICO AERO,TEMP.MAX,30.7,29.7,27.2,22.9,18.7,15.2,14.8,17.7,20.2,23.6,27.0,29.7
GENERAL PICO AERO,TEMP.MIN,16.9,15.8,14.4,10.3,6.6,3.6,2.6,4.1,6.5,10.2,13.2,15.8
GENERAL PICO AERO,PRECIPITACIONES,111.2,102.7,143.8,70.4,32.8,17.4,22.0,24.9,55.2,87.2,99.8,124.4
LABOULAYE AERO,TEMP.MAX,30.3,29.3,27.1,23.0,19.3,15.9,15.5,18.3,20.7,23.8,26.9,29.3
LABOULAYE AERO,TEMP.MIN,16.7,15.6,14.2,10.4,6.9,3.8,2.7,3.9,6.2,10.2,13.1,15.7
LABOULAYE AERO,PRECIPITACIONES,120.7,105.7,138.8,83.4,36.0,11.7,17.6,17.2,47.3,91.0,105.0,128.7
PEHUAJÓ AERO,TEMP.MAX,29.6,28.3,26.1,22.0,17.9,14.4,14.0,16.7,18.8,22.0,25.3,28.3
PEHUAJÓ AERO,TEMP.MIN,16.1,14.9,13.4,9.9,6.7,3.9,3.0,4.2,6.3,9.9,12.5,14.9
PEHUAJÓ AERO,PRECIPITACIONES,119.6,101.2,149.3,79.9,49.0,25.8,24.0,28.8,63.6,116.1,104.3,107.0
JUNÍN AERO,TEMP.MAX,29.8,28.4,26.6,22.6,19.0,15.5,15.0,17.7,19.7,22.7,26.0,28.8
JUNÍN AERO,TEMP.MIN,16.6,15.8,14.2,10.4,7.2,4.5,3.6,4.8,6.7,10.1,12.8,15.2
JUNÍN AERO,PRECIPITACIONES,132.3,118.8,133.2,109.1,61.2,26.8,31.5,32.4,55.3,122.8,110.7,110.0
NUEVE DE JULIO,TEMP.MAX,30.5,29.1,26.8,22.5,18.7,15.0,14.5,17.2,19.4,22.6,26.1,29.1
NUEVE DE JULIO,TEMP.MIN,16.7,15.9,14.3,10.6,7.5,4.8,4.0,5.3,7.0,10.3,12.9,15.3
NUEVE DE JULIO,PRECIPITACIONES,127.9,114.2,144.8,110.3,60.8,38.4,38.3,35.2,61.7,113.0,108.8,106.9
SAN MIGUEL,TEMP.MAX,30.1,28.5,26.7,22.6,19.0,15.7,15.2,17.6,19.3,22.6,25.5,28.4
SAN MIGUEL,TEMP.MIN,18.6,17.8,16.1,12.2,9.0,6.6,6.0,7.2,9.0,11.9,14.6,17.1
SAN MIGUEL,PRECIPITACIONES,116.3,128.6,118.0,110.1,74.1,51.4,59.7,58.6,,124.9,121.5,108.4
EL PALOMAR AERO,TEMP.MAX,29.9,28.5,26.5,22.5,18.9,15.7,15.1,17.4,19.2,22.3,25.2,28.3
EL PALOMAR AERO,TEMP.MIN,18.1,17.3,15.5,11.4,7.9,5.5,4.8,6.2,8.0,11.2,13.7,16.4
EL PALOMAR AERO,PRECIPITACIONES,117.5,115.0,121.9,104.3,78.9,49.7,50.3,54.5,57.2,117.7,106.6,105.9
EZEIZA AERO,TEMP.MAX,30.2,28.5,26.7,22.5,18.8,15.6,14.9,17.3,19.0,22.2,25.4,28.5
EZEIZA AERO,TEMP.MIN,17.7,16.9,15.3,11.4,8.2,5.8,4.9,6.1,7.8,10.9,13.5,15.9
EZEIZA AERO,PRECIPITACIONES,101.7,113.1,114.4,93.2,76.6,47.3,47.2,55.1,59.7,110.5,103.0,98.0
AEROPARQUE AERO,TEMP.MAX,28.4,27.2,25.5,21.7,18.3,15.1,14.3,16.3,17.9,21.2,24.2,27.0
AEROPARQUE AERO,TEMP.MIN,20.8,20.0,18.6,14.9,11.9,9.1,8.3,9.6,11.1,14.1,16.6,19.1
AEROPARQUE AERO,PRECIPITACIONES,117.4,107.7,127.6,105.6,84.4,48.7,52.8,56.3,61.7,110.4,103.7,105.2
BUENOS AIRES,TEMP.MAX,30.1,28.7,26.8,22.9,19.3,16.0,15.3,17.7,19.3,22.7,25.6,28.5
BUENOS AIRES,TEMP.MIN,20.1,19.2,17.7,13.8,10.7,8.1,7.4,8.8,10.3,13.3,15.9,18.4
BUENOS AIRES,PRECIPITACIONES,138.7,127.2,140.1,118.9,92.3,58.7,60.5,64.4,72.2,127.2,117.5,118.9
LA PLATA AERO,TEMP.MAX,28.9,27.6,25.7,21.8,18.0,14.7,14.0,16.3,17.8,21.1,24.1,27.3
LA PLATA AERO,TEMP.MIN,17.5,16.9,15.4,11.6,8.4,5.9,5.1,6.3,7.7,10.7,13.4,15.8
LA PLATA AERO,PRECIPITACIONES,108.8,114.3,124.5,86.8,79.3,52.6,61.4,61.3,69.8,110.6,103.9,95.2
PUNTA INDIO B.A.,TEMP.MAX,28.0,26.8,25.2,21.4,17.9,14.6,13.8,15.7,17.2,20.6,23.3,26.3
PUNTA INDIO B.A.,TEMP.MIN,18.3,17.6,16.2,12.3,9.0,6.2,5.4,6.7,8.2,11.3,14.0,16.7
PUNTA INDIO B.A.,PRECIPITACIONES,84.1,112.6,109.2,95.2,68.5,64.7,64.7,71.1,73.3,100.2,107.9,78.7
SANTA ROSA AERO,TEMP.MAX,31.0,29.8,26.9,22.4,18.0,14.7,14.2,17.2,19.7,23.1,26.7,29.8
SANTA ROSA AERO,TEMP.MIN,16.4,15.1,13.4,9.2,5.7,3.0,2.0,3.4,5.7,9.2,12.2,15.1
SANTA ROSA AERO,PRECIPITACIONES,94.6,81.0,102.3,58.0,32.9,15.5,21.5,28.1,50.9,74.7,81.7,104.3
CORONEL SUÁREZ AERO,TEMP.MAX,28.7,27.4,24.8,20.4,16.1,12.7,12.3,14.9,17.1,20.3,23.9,27.4
CORONEL SUÁREZ AERO,TEMP.MIN,13.8,12.7,11.1,7.0,3.8,1.3,0.4,1.4,3.4,6.6,9.3,12.0
CORONEL SUÁREZ AERO,PRECIPITACIONES,112.3,80.4,95.9,70.9,47.4,22.1,28.5,32.4,58.1,99.7,74.3,84.1
TANDIL AERO,TEMP.MAX,28.1,26.8,24.3,20.3,16.4,13.0,12.4,14.7,16.6,19.8,23.0,26.4
TANDIL AERO,TEMP.MIN,13.6,13.0,11.5,7.6,4.8,2.3,1.4,2.6,4.1,7.2,9.7,11.9
TANDIL AERO,PRECIPITACIONES,108.5,90.2,98.8,71.3,59.7,37.2,37.6,45.2,58.6,97.7,94.6,79.2
DOLORES AERO,TEMP.MAX,28.6,27.4,25.6,21.6,17.9,14.3,13.6,15.9,17.5,21.0,23.8,27.0
DOLORES AERO,TEMP.MIN,,14.7,13.3,,,,,,,,,
DOLORES AERO,PRECIPITACIONES,108.4,99.8,90.4,97.4,58.7,59.9,59.6,59.0,,102.1,108.7,83.9
PIGÜÉ AERO,TEMP.MAX,28.8,27.4,24.5,19.8,15.6,12.2,11.6,14.4,16.7,20.0,23.7,27.5
PIGÜÉ AERO,TEMP.MIN,14.3,13.3,11.7,7.7,4.6,2.1,1.2,2.5,4.1,7.3,9.9,12.8
PIGÜÉ AERO,PRECIPITACIONES,,101.6,92.8,,,22.5,26.2,34.8,63.2,95.5,87.1,88.3
TRES ARROYOS,TEMP.MAX,29.3,27.7,25.1,20.6,16.4,13.1,12.5,14.9,17.0,20.2,23.8,27.4
TRES ARROYOS,TEMP.MIN,15.1,14.5,12.9,9.2,6.3,3.8,3.0,4.0,5.4,8.2,10.8,13.3
TRES ARROYOS,PRECIPITACIONES,85.1,99.5,83.5,74.5,59.3,34.5,43.2,42.3,63.1,82.5,88.3,80.0
MAR DEL PLATA AERO,TEMP.MAX,26.5,25.6,23.9,20.4,16.8,13.6,12.7,14.5,15.9,18.9,21.7,24.5
MAR DEL PLATA AERO,TEMP.MIN,14.6,14.3,13.0,9.2,6.3,3.8,3.1,4.1,5.3,7.8,10.2,12.6
MAR DEL PLATA AERO,PRECIPITACIONES,94.9,93.9,95.7,85.5,66.4,57.4,55.7,55.9,57.3,89.3,81.3,92.8
NEUQUÉN AERO,TEMP.MAX,31.9,30.6,27.0,21.6,16.5,12.9,12.9,15.9,18.9,23.2,27.1,30.2
NEUQUÉN AERO,TEMP.MIN,15.5,14.2,11.6,6.8,3.5,1.5,0.2,1.6,4.4,8.2,11.6,14.5
NEUQUÉN AERO,PRECIPITACIONES,12.9,11.9,23.6,15.3,21.1,23.5,15.9,11.4,19.3,20.3,14.5,11.2
BAHÍA BLANCA AERO,TEMP.MAX,31.1,29.6,26.6,21.8,17.5,14.1,13.7,16.3,18.5,22.2,25.9,29.3
BAHÍA BLANCA AERO,TEMP.MIN,16.3,15.2,13.4,9.2,6.0,3.3,2.4,3.9,5.6,8.5,11.4,14.4
BAHÍA BLANCA AERO,PRECIPITACIONES,67.1,67.1,75.2,54.5,41.2,31.5,31.1,34.5,51.6,73.3,56.8,67.3
BARILOCHE AERO,TEMP.MAX,22.6,23.0,19.7,14.6,10.2,6.9,6.7,8.3,11.5,14.8,17.9,20.5
BARILOCHE AERO,TEMP.MIN,6.6,6.3,4.7,2.3,0.6,-0.6,-1.6,-1.1,-0.2,1.8,3.7,5.9
BARILOCHE AERO,PRECIPITACIONES,20.0,15.3,35.2,58.9,130.1,170.1,122.1,101.4,56.5,49.4,29.3,23.4
MAQUINCHAO,TEMP.MAX,26.4,25.7,21.9,16.3,10.9,6.6,6.2,9.2,12.9,16.9,20.9,24.2
MAQUINCHAO,TEMP.MIN,9.3,9.1,6.6,2.3,-0.6,-2.9,-4.6,-3.1,-1.1,2.3,5.4,7.9
MAQUINCHAO,PRECIPITACIONES,,,26.2,20.7,23.3,28.1,,11.5,14.9,18.6,,
VIEDMA AERO,TEMP.MAX,29.4,28.3,25.3,20.9,16.3,13.1,12.8,15.1,17.5,21.4,25.0,27.9
VIEDMA AERO,TEMP.MIN,14.7,14.1,12.0,7.8,4.7,2.4,1.5,2.3,4.0,7.1,10.1,12.9
VIEDMA AERO,PRECIPITACIONES,31.4,43.0,54.1,41.8,28.8,25.6,26.0,22.3,25.2,30.3,23.6,21.3
ESQUEL AERO,TEMP.MAX,21.7,22.2,19.1,14.4,10.1,6.7,6.1,8.5,11.8,14.7,17.6,19.9
ESQUEL AERO,TEMP.MIN,8.2,7.7,5.5,2.7,0.5,-1.8,-2.8,-1.4,0.0,2.3,4.7,7.0
ESQUEL AERO,PRECIPITACIONES,18.8,18.4,24.5,43.1,65.0,79.4,60.2,47.0,35.7,28.3,20.8,20.8
TRELEW AERO,TEMP.MAX,29.2,28.1,25.0,20.7,15.7,12.2,12.3,14.8,17.5,21.2,24.9,27.5
TRELEW AERO,TEMP.MIN,13.6,12.6,10.5,6.7,3.4,0.8,0.2,1.4,3.6,6.5,9.5,11.9
TRELEW AERO,PRECIPITACIONES,13.6,18.9,23.3,24.8,26.3,22.2,17.8,13.9,14.6,19.2,13.7,13.9
COMODORO RIVADAVIA AERO,TEMP.MAX,26.1,25.0,22.4,18.6,14.2,10.9,10.8,12.8,15.4,18.8,22.1,24.5
COMODORO RIVADAVIA AERO,TEMP.MIN,13.6,12.9,10.9,8.3,5.5,3.1,2.7,3.6,5.1,7.5,10.0,12.1
COMODORO RIVADAVIA AERO,PRECIPITACIONES,11.6,14.4,18.2,25.4,37.4,35.9,23.4,20.1,20.1,16.4,14.5,10.1
SAN JULIÁN AERO,TEMP.MAX,23.1,22.2,19.7,15.7,10.7,7.1,7.3,9.9,13.3,16.6,19.6,21.5
SAN JULIÁN AERO,TEMP.MIN,9.7,9.2,7.4,4.9,2.0,-0.1,-0.4,0.6,2.2,4.4,6.7,8.6
SAN JULIÁN AERO,PRECIPITACIONES,14.3,22.5,23.4,19.1,31.1,33.7,22.5,18.3,14.3,17.3,14.9,20.2
RÍO GALLEGOS AERO,TEMP.MAX,20.0,19.6,17.0,13.2,8.4,4.9,4.8,7.4,11.3,14.8,17.2,18.8
RÍO GALLEGOS AERO,TEMP.MIN,7.6,7.1,5.3,2.9,0.2,-2.0,-2.4,-0.6,0.9,2.4,4.8,6.6
RÍO GALLEGOS AERO,PRECIPITACIONES,27.7,27.1,26.7,26.7,26.9,18.3,19.2,16.9,13.3,16.9,22.7,25.9
RÍO GRANDE B.A.,TEMP.MAX,16.1,15.7,13.5,10.5,6.5,3.1,3.0,5.2,8.3,11.4,13.4,15.1
RÍO GRANDE B.A.,TEMP.MIN,5.7,5.4,3.5,1.6,-0.8,-3.2,-3.1,-1.7,-0.2,1.6,3.3,4.8
RÍO GRANDE B.A.,PRECIPITACIONES,36.0,29.7,27.2,28.8,29.4,26.7,23.9,20.7,17.1,18.5,27.0,36.0
BASE ESPERANZA,TEMP.MAX,4.3,3.7,1.2,-2.1,-4.0,-6.2,-6.3,-4.6,-2.3,-0.4,2.1,3.8
BASE ESPERANZA,TEMP.MIN,-1.2,-2.0,-5.6,-9.7,-12.1,-14.3,-14.8,-13.2,-10.4,-8.0,-4.2,-1.9
BASE ESPERANZA,PRECIPITACIONES,,,,,,,,,,,,
BASE ORCADAS,TEMP.MAX,3.4,3.4,2.3,0.4,-1.8,-4.4,-5.3,-4.0,-1.9,0.4,2.3,3.0
BASE ORCADAS,TEMP.MIN,-0.5,-0.3,-1.5,-4.1,-7.5,-11.7,-13.9,-12.0,-9.3,-5.9,-3.2,-1.4
BASE ORCADAS,PRECIPITACIONES,,,,,,,,,,,,
BASE BELGRANO II,TEMP.MAX,0.7,-3.7,-8.8,-13.5,-14.6,-15.7,-17.1,-16.6,-14.9,-11.0,-4.1,0.4
BASE BELGRANO II,TEMP.MIN,-5.9,-10.9,-16.1,-20.7,-22.0,-23.1,-24.5,-24.4,-23.0,-19.4,-12.3,-6.9
BASE BELGRANO II,PRECIPITACIONES,,,,,,,,,,,,
BASE MARAMBIO,TEMP.MAX,1.6,0.7,-2.8,-6.6,-8.5,-10.5,-10.3,-8.9,-5.8,-3.8,-0.5,1.3
BASE MARAMBIO,TEMP.MIN,-2.9,-4.3,-9.1,-14.2,-16.6,-18.3,-18.7,-17.3,-14.1,-11.0,-6.5,-3.5
BASE MARAMBIO,PRECIPITACIONES,,,,,,,,,,,,
BASE SAN MARTÍN,TEMP.MAX,4.5,3.3,1.3,-0.9,-2.3,-5.8,-7.3,-6.9,-4.6,-2.1,1.2,3.4
BASE SAN MARTÍN,TEMP.MIN,-0.3,-1.3,-3.6,-5.8,-8.4,-13.5,-16.3,-16.8,-13.9,-10.2,-5.5,-1.8
BASE SAN MARTÍN,PRECIPITACIONES,,,,,,,,,,,,
